{
    "wms": "torque",
    "hostname": "n01",
    "num_cores": 24,
	"cpu_max_frequency": 2300000,
	"cpu_min_frequency": 1200000,
	"base_power_levels" : {
		"cpu" : 15,
		"mem" : 2
	},
	"critical_power_levels" : {
		"mem": [69.70828738069977, 4.198780487804907],
		"cpu": [4.577364793213134, 37.50281548250257, 28.112714740190892, 21.443515376458244]
	},
	"mu_power_gadget_location": "/home/tsranso/haswell/mu_powergadget_pzou",
	"rapl_location": "/usr/local/bin",
    "power_allocation": {
		"cpu": {
			"total": 120,
			"sockets": 2
		},
		"mem": {
			"total": 60,
			"modules": 2
		}
    }
}
